,subreddit,title
0,education,Welcome to r/Education! Please read before posting!
1,education,Eastern Montana teacher wins national rural teacher of the year award
2,education,Going from AAS in IT to BSN?
3,education,Need help with submission statement
4,education,Do you think schools and universities should be more lenient on students this year?
5,education,Teachers essential workers
6,education,Next steps in education/self-education ?
7,education,The CGPA Dilemma
8,education,Saudi Ministry of Education
9,education,I have a huge dilemma tomorrow
10,education,Asian Redditors in Bachelor of Science - Ecole Polytechnique
11,education,Is what we learn here in universities about Economics the same as the USA?
12,education,Hybrid learning
13,education,Do I Take Math Foundations 30 or Pre-Calculus 20 as A grade 10 student?
14,education,Can I go straight towards my bachelors instead of my associates?
15,education,Student survey
16,education,Asking As A College Student To Professors: Why Do You Assign Work You Can't Do Yourself?
17,education,"People who work in a field completely unrelated to undergrad study, how did you end up where you are? And are you satisfied? (USA)"
18,education,Building A Great Educational Partnership
19,education,Post Covid-19 digital transformation trends in the education industry
20,education,Retrieval Practice and the Testing Effect
21,education,"What can I do as a student to make you, teachers, genuinely happier during the pandemic?"
22,education,Thoughts on an ungraded pass and any consequences that follow?
23,education,Market Size of Educational Assemblies or Programs
24,education,4 Google Drive Productivity Tips for Educators
25,education,Does YouTube study concentration music work ?
26,education,Free ebook - How to teach using group assignments: The 7 step formula for fair and effective team assessment.
27,education,Equity and School Choice?
28,education,Does it matter where you go to school anymore?
29,education,Treasure Shores - a financial literacy game
30,education,How Lucrative is a Degree in Communications?
31,education,Bank statement affect acceptance possibility?
32,education,Is there evidence of governments deliberately keeping education to a lower standard rather than just cutting budgets?
33,education,Anyone Using QR Codes for any Educational Resources and how?
34,education,Impact Investigations Series: Covering Education
35,education,A Student-Centered Funding Roadmap for Policymakers
36,education,University of Alberta launches free online science literacy course
37,education,My student government election was rigged. Is there anything I can do?
38,education,Is a Master's degree worth it these days?
39,education,Have I disqualified myself from future federal loans/higher education?
40,education,Lunar eclipse
41,education,How do I divide my time for assessments?
42,education,I am currently teaching a unit on housing issues in NYC. I am going to use the video game Donut County as part of a lesson on gentrification. My full lesson plan is available here for free.
43,education,The Myth of Learning Styles
44,education,I want to start learning about science but I know literally nothing about Science. Where should I start? What are the basics?
45,education,Canvas Instructure Notifications & SMS Settings
46,education,Do you believe learners are naturally good?
47,education,"I'm afraid to go into high school I want to get a good career, but my average in elementary school was a C."
48,education,American Education System: Why?
49,education,Lazyfox.io: An Amazing Budding Community
50,education,"Reading materials for upper grades, lower reading levels."
51,education,Ken Robinson Creativity Schools (nyc or anywhere)
52,education,Do you believe the nature of teaching is remedial or foundational?
53,education,AI-powered Language Apps are the Natural Evolution of E-learning
54,education,Taking Notes [For Students & professionals]
55,education,Please help!
56,education,How To Do Machine Learning WITHOUT Any Programming Language Using WEKA
57,education,Educator channels on Youtube!
58,education,A levels as an adult
59,education,"Rec a School Planner/Calendar app that can handle 6-day week, skipping Weekends. If Mon is day1 and Tues day2, then next Mon is day6 and Tues day1"
60,education,First Year Teacher - What is “enough”?
61,education,Comprehensive Pre-school/Pre-K Math Lesson Book?
62,education,Who to follow in social media for professional learning?
63,education,Returning to school
64,education,"Where can I find an Educational Youtube channel that is fun like ""Kurzgesagt – In a Nutshell"" videos?"
65,education,Education in America Today
66,education,Teacher with 42 students in one section - HELP
67,education,WHAT IS CIVIL ENGINEERING
68,education,Which is better online school or physical school? And why?
69,education,writeable PDF sentence frames/graphic organizers
70,education,GED or high school deploma
71,education,What does an error mean on trinket?
72,education,was wondering if anyone could answer some questions I have about nc education standards/ncvps/a ucps district school
73,education,Sub for Help with EdTech
74,education,What the fuck does on error even mean on trinket?
75,education,Why do they teach us so much bullshit math in high school?
76,education,How do I convert my Philippine grades to American standard grades?
77,education,Teacher vs Admin
78,education,Podcast about deep level processing
79,education,"I'm currently studying my leaving cert (final year school exams) its a two-year cycle and I'm just started, i understand all of the information presented to me and don't find it difficult but I have a problem keeping that information leading to not doing well on test, i am diagnosed with Dyslexia---"
80,education,"For all my New Yorkers have you heard of the, Culturally Responsive-Sustaining education framework (CR-S)?"
81,education,Free online courses for basics?
82,education,Difference between education?
83,education,hi questions about nc standard curriculum for a few classes/ncvps/UCEC
84,education,How To Get Into A Really Highly Ranked College. **I Am Starting High School Next Year (I know I am thinking way ahead)And Want To Know What To Do?
85,education,8-12 year olds with and without brain injury needed for research study
86,education,"If an educational program at a university is offered for both undergraduate and graduate students, what do you call the sections of the program that are geared toward either type of students? For example, one section of the program is for graduate students, and the other section is for undergrads."
87,education,Benefits of HR Analytics
88,education,Top 5 Biggest and popular Rainforest in the world
89,education,4 Google drive Tips for Teachers
90,education,Education Student Question
91,education,What is the best course you found in Skillshare?
92,education,Is it Too Late to Start a YouTube Channel as an Online Educator?
93,education,Weighted or unweighted gpa
94,education,Higher position
95,education,I’m trying so hard!
96,education,How do I convince my parents that I want to take A Levels but not IBDP?
97,education,I now know the US education system could be in trouble (story in text)
98,education,"Should I stick with my major, or give in to peer pressure?"
99,education,Is the U.S. Education System Adequately Polycentric?
100,education,Can I help you make your curriculum digital?
101,education,Punctuation matters - corrected and re-posted.
102,education,Looking for organisations that are likely to donate to a charity that is focusing on improving education for school kids in Colombia
103,education,My girlfriend doubts herself academically. She failed her GCSEs (UK) and thinks she’s incapable of learning. How can I help her?
104,education,Community collage vs Post graduate year at a private high school vs militarily vs adult education education classes at the YMCA
105,education,Experience with No Nonsense Nurturer or CT3?
106,education,What is the best summer program ?
107,education,"""Get your foot off our throats and LET US TEACH!"""
108,education,Research Help
109,education,Hello everyone! I need help. How do I explain to my 5 year old child what prisms are? Are they all boxes? What activities can I do with him? Should I only teach the square and rectangle prism first? Thanks in advance.
110,education,What do you advise and give tips about improvement myself?
111,education,"What are some creative ways for students to completely secure their desirable electronics from theft in a school locker when they must be put away, such as during gym."
112,education,Please take 2 mins to complete a survey for USC students! Thank you friends!
113,education,Pandemic education
114,education,Need help going back to college and graduating ASAP.
115,education,"I am applying to lots of different sixth forms to increase my chances of being accepted into one. I am in year 11 and haven't done my GCSE's yet. If it get accepted into more than 1 sixth form, do i have the right to reject a sixth form after being accepted in favour of another? I am in the UK."
116,education,Online courses done in real-time
117,education,Biochem or chemistry major?
118,education,Any advice appreciated
119,education,Remote Alternatives for class presentations?
120,education,Remedial classes?
121,education,Can anyone point me to some good research on measuring problem solving ability?
122,education,Human Rights Courses/Curriculum
123,education,Therapy could tackle COVID-19 mental health timebomb in schools
124,education,How Many Types of multiple intelligences are there?
125,education,Does a directive to record a webex class imply consent?
126,education,College essay??
127,education,Looking for a definition of a concept.
128,education,Encourage Instant messaging for education?
129,education,English Practicum Student Needs Help!
130,education,How one Native American tribe in S.D. created its own wireless education network
131,education,Help with Interview
132,education,Need help with kid education
133,education,Why do some teachers act like dictators?
134,education,I need your help
135,education,What does technical learning style mean?
136,education,Need Help on A Paper about Video Games in Education
137,education,17 and trying to go to Community College
138,education,Idk if its just me who thinks this??
139,education,SEL
140,education,Education Technology conference right now. Www.twitch.tv/microk12
141,education,Gazette-Mail sues WVU over board of governors' closed-door meetings
142,education,UC application question
143,education,7 year old being taught about Francis Drake against the Spanish Armada
144,education,"What websites can find primary education resources,"
145,education,Is General Education courses required when transferring from a county college ?
146,education,SEL
147,education,Best place to live with a high school education?
148,education,For those teaching or studying signs and semiotics
149,education,Degree and licensure required to teach elementary in your state
150,education,Do schools squelch or inspire curiosity?
151,education,4 Questions
152,education,Summer Programs for High School Sudents
153,education,Addressing senior class as they return to campus.
154,education,Help clearing up the ABCD model when writing learning objectives
155,education,Which country do you think would open its borders to international students next year
156,education,"Share your educational experiences, especially medical ones!"
157,education,How to design political system for a country?
158,education,anyone knows a free app that converts handwritten equations to text (word or pdf)?
159,education,Summers off makes no sense: Former US Education Secretary Arne Duncan calls for year-round schooling (Yahoo News)
160,education,Guidance Counselors ONLY: Is the Human Services major an acceptable degree to become either a high school or college counselor?
161,education,Are you able to have a career in education while pursuing possibly controversial creative endeavors?
162,education,How do Indians perceive COVID risks? Help us find out!
163,education,Why do we even still allow high school to exist?
164,education,Australian TAFE or university students
165,education,Today I learned that stressed reversed is desserts. For teachers who care about spelling.
166,education,Transfer
167,education,What Courses/Activities are you pursuing out of class?
168,education,Highschool to Undergrad
169,education,Online Quiz Suggestion
170,education,"Is the skill to ""Public Speak"" needed for college? (UK)"
171,education,Why is personal finance rarely taught in high schools?
172,education,Bad teacher or sensitive student?
173,education,How to a Prevent Cheating in Google Form Quizzes
174,education,Free College Education. Biden Wants Free Education- Nigel Green deVere CEO
175,education,Future teacher!
176,education,COVID ACT Results are going to be... covid for the next few years
177,education,Is business administration a good major?
178,education,Would learning subjects through AP course textbooks be beneficial to a college student and/or graduate?
179,education,Been a Prison Teacher For Two Years Now. Things Get Crazy
180,education,Building Course on Extra-curricular activities for Children !!
181,education,How do I avoid getting burnt out from too little work in in-person classes
182,education,Graduate High School Early
183,education,What's the best way to communicate with Students?
184,education,Can someone plz explain a “Boolean expression”
185,education,why was african american studies developed?
186,education,My young sister is taking care of throwing the garbage and taking care of dishes (HELP)
187,education,Parent report: Liberal teaching
188,education,Can I refuse to pay for an additional lab credit if there is no lab?
189,education,Learning Statistics on my own
190,education,Study partner
191,education,Princeton University to pay female professors almost $1 million in back pay in gender pay discrimination settlement
192,education,How to Collect and Organize Students Assignments on Auto
193,education,"Ba in English literature, I want to do my masters but in a different field/major other than English. Is it possible, and what are my options?"
194,education,How to Survive Teaching Through COVID: Day 23-27 recap!
195,education,"Hi, I need ideas to make my online classes entertaining, do you know of online applications with which I can interact with my students and make the classes more dynamic and fun with my students? could you suggest some? for example as ""kahoot!"""
196,education,Does it matter if my teacher ( or counselors) know about my depression
197,education,I have an f
198,education,"Music therapist and clinical psychologist, can I do both at the same time?"
199,education,"Top 50 FREE Artificial Intelligence, Computer Science, Engineering and Programming Courses from the Ivy League Universities"
200,education,A Graduate Level Course on Curiosity
201,education,My mother doesn't notice that school is unimportant. Why is that?
202,education,Any advice for a preschool teacher interview?
203,education,Math causes 80% of high school dropouts
204,education,What part of remote teaching do you wish someone had a solution to?
205,education,GCSE to Scotland?
206,education,Textbook Help - Cambridge Level Up!
207,education,The Students Left Behind by Remote Learning
208,education,"Looking for input on ""School-to-Prison Pipeline"" project!"
209,education,Bye (for now) Football Players...
210,education,I’m literally ripping my hair out over this algebra crap
211,education,Alzheimer’s Survey (all participants welcome)
212,education,Should i tell my parents about me cheating in online school?
213,education,Hong Kong primary teacher deregistered 'for talking about independence'
214,education,Any articles for how schools punish the victims of bullying and not the bullies?
215,education,Transitioning from Full time Job to Full time student
216,education,ISO educator (5+years) for 15-20 minute Zoom interview for research project over student discipline
217,education,BOARDING SCHOOL
218,education,Is it better to halt education for the time being until we found a cure for the covid? Online class? a quantity education is what online class can offer I presume? Can someone tell me what should be done?
219,education,"I interviewed college application reader and college counselor Joyee Lin on the truth behind college admissions, challenges with the current education system, and the impact of Covid-19 on colleges (Podcast)"
220,education,"im from the philippines, if im currently at abm strand, can i take a programming course in college?"
221,education,APOLOGY EMAIL
222,education,What degree is harder to understand learn physics or engineering
223,education,Finance Classes
224,education,What degree is harder a physics degree or engineering?
225,education,"What’s harder to do, Getting a high school diploma or getting a GED?"
226,education,Online classes before pandemic vs Online classes now
227,education,Quick help for important College Marketing Project!
228,education,What degree is better for a foundation thinking. Physics or engineering.
229,education,Share link of free online courses with cert. STEM and arts field related.
230,education,Chrome extensions that convert text to audio and read to you?
231,education,Virtual Differentiation and Dynamic Grouping (Middle school +)
232,education,Political Science? What do you think of this program? Masters in political science. Is it worth it?
233,education,Does anyone know about Theory of Production ??
234,education,Video essays on teaching - any recommendations?
235,education,Does anyone know or can help me about the Theory of production
236,education,TPT is a Marketplace for Teachers & Educator
237,education,Why hasn't a video sharing platform dedicated to educational content been developed yet?
238,education,What are your thoughts about building courses and workshops purely online and getting paid for it?
239,education,Join our student initiative for intellectual discourse!
240,education,Teaching kids to use social media responsibly
241,education,How do you suppress vocal guidance to become more autonomous ?
242,education,Online degree advice
243,education,"And while we teach our students to tell the truth, take responsibility, be transparent ..."
244,education,What does the FUTURE of education look like?
245,education,"Advice on finding the right online masters program when you work FT, live on a budget, and graduated with your BA 4 years ago?"
246,education,Question about forced ESL
247,education,Lunch Shaming
248,education,Are the job opportunities for a BS in Economics significantly better than a BA in Economics?
249,education,Professional Conflict Resolution
250,education,Understanding unstructured or disorganised patterns
251,education,Betsy DeVos: Billionaire Crusader
252,education,Prodigy for the math classroom?
253,education,"If anyone here is using Acellus, you should read this:"
254,education,Covid Cleaning Mayhem!
255,education,Shmoop
256,education,IELTS preparation study plan
257,education,Are Teachers Ok?
258,education,Why is the US education system so flawed?
259,education,We need to talk about civic literacy
260,education,CK-12 A Place for Math and Science Simulations
261,education,Graduating early
262,education,“I feel like the future I’ve been working towards my whole life is gone now” - What Students Have to Say About the Coronavirus (an article I wrote with the help of student redditors)
263,education,Unsure if I can manage 2 full time studies
264,education,How do Educators use Gmail Groups?
265,education,Getting ged/ tx
266,education,How to Survive Teaching Through COVID: Day 21!
267,education,Language teachers - how best to enforce learned grammar and develop new grammar in learners?
268,education,I NEED ADVICE ON WHAT FUN COMPUTER ACTIVITIES TO TEACH KIDS OF AGES 5-12 FOR A JOB IN A CENTER FOR CREATIVE ACTIVITIES FOR KIDS
269,education,How do you teach 2 digits addition and subtraction with regrouping to young kids?
270,education,How to Survive Teaching Through COVID: Day 20!
271,education,Is IB worth it?
272,education,Course drop?
273,education,Some people think that sense of competition in children should be encouraged. Others believe that children who are taught to cooperate rather than compete become more useful adults. What do you think?
274,education,Why has Lucy Calkins taken over elementary writing instruction?
275,education,"TypiNation | Multiplayer typing game where you can pick a story/novel you want to read & start typing it out, your progress is saved along and giving you meaningful stats about your typing skills."
276,education,Grading the Biden Trump debate
277,education,"I am a first year college student, 19, and I'm failing my classes"
278,education,Starting to study for the MTTC elementary education test (103). Any suggestions on what study guides are effective?
279,education,Is it bad to force yourself to study?
280,education,What do I study?
281,education,Taking parental leave after two years of being hired
282,education,Please help.. need feedback on why you donate to nonprofits. For my fundraising class.
283,education,Tutoring a child who is in Remote Learning with an intellectual disability
284,education,How do we fix this? - Higher ed
285,education,Am I the only person who wants to go back?
286,education,Need your opinion related to exchange semester
287,education,WHich Whiteboard you use with Zoom for Math Teaching
288,education,Math Unit Plans
289,education,Behind the White House Effort to Pressure the C.D.C. on School Openings - NY Times
290,education,A letter to those teachers that made a difference
291,education,Does anyone know this...?
292,education,What level of effort should parents put in academics of their young kids?
293,education,Is it okay for me to know very little about politics?
294,education,How to help my dad go back to school
295,education,Two Important things which Online Teachers Normally Overlook
296,education,Should we invest in education more than anything else?
297,education,Does an underfunded school impact a student's self esteem/educational journey?
298,education,I need art school guidance (bachelors yes or no?)
299,education,"In general, do you think there is a negligible or significant difference between a HS Senior and a College freshman when it comes to intelligence or maturity?"
300,education,Are district-wide extracurriculars a thing in your area?
301,education,Advice on Picking up the Pieces
302,education,What it means to foster in-depth conversational and knowledge-sharing culture in your institution?
303,education,Mature College Student - Access Course to HE In Criminology
304,education,7th grade medieval game?
305,education,"Conducting a short survey for university project, your help is appreciated!!!"
306,education,What exactly is 1 to 1 correspondence?
307,education,"LAUSD Teachers, is your income enough to buy a house in LA?"
308,education,Management minor to open a daycare center?
309,education,Oxford moves to protect students from China's Hong Kong security law
310,education,Help a student out!
311,education,Question regarding degrees
312,education,Pandemic Plan?
313,education,Education progression question
314,education,Elementary special ed teacher looking to move to high school.
315,education,Edu Arion in war torn countries.
316,education,Are any schools dropping thier continuous learning plan live classes?
317,education,Principles of Learning and Teaching (PLT): Grades 7–12 (5624) Study guide help?
318,education,"Reopening K-12 Schools During the COVID-19 Pandemic: Prioritizing Health, Equity, and Communities. Consensus study report from the National Academies of Sciences, Engineering, and Medicine"
319,education,Question about education
320,education,Do you all have any articles or videos on racism in the education system? Please share
321,education,First national college enrollment data
322,education,"Lawrence Krauss: ""Universities have become big businesses... As a result, university administrators are chosen based on fundraising and public relations skills rather than intellectual backbone. They thus tend to be less inclined to buck the enormous pressures challenging academic integrity."""
323,education,Fashion school advice
324,education,"Who believes in better education via ""Learn & Play"" frameworks?"
325,education,Does anyone feel violated by remote AI exam software?
326,education,Best places in the education space to learn about holistic education/mindfulness in education?
327,education,Are LOTE/foreign language teachers having a hard time teaching in a remote setting?
328,education,I don’t want to stop going to school
329,education,Interleaving vs. Varied Practice - Are they the same or different? CMU (Check my understanding)
330,education,Grading is Capitalist Conditioning
331,education,Should I disclose my gender identity when applying for a vacancy?
332,education,Software to cross reference past exam papers against lecture slides?
333,education,New Google Meet Attendance extension
334,education,Why don't students like it when a student asks a lot of questions?
335,education,Questions for the superintendents of reddit.
336,education,Can I still get into college ?
337,education,"Any computer teachers here? Im an elementary computer teacher, and this year I'm not sure how to start the year off. Looking for tech related group activities to do with groups where the kids are not using individual devices. Stuff we can do on the smartboard."
338,education,How to Survive Teaching Through COVID: Day 14!
339,education,How Desperate Are Parents?
340,education,Curriculums first adults?
341,education,High schoolers and potential danger
342,education,Is remote education accessible to everyone?
343,education,"Top 50 FREE Artificial Intelligence, Computer Science, Engineering and Programming Courses from the Ivy League Universities"
344,education,Traditional vs online cont.
345,education,Creative Icebreakers!
346,education,eSchool Proctor...what???
347,education,Phones in schools
348,education,Licensing Questions
349,education,What would the future look like for children who were taught mathematics until 12th grade instead of the standard curriculum?
350,education,Applying for my Ed.D
351,education,How to Survive Teaching Through COVID: Day 12!
352,education,"Any thoughts on ""Mastering Negotiation and Influence"" from MIT?"
353,education,Comparative grading activity? Can't remember what it was called!
354,education,Appropriate or no?
355,education,VTHS Administration cutting ITS program forcing students to move into other programs
356,education,A Young Aspiring Educator’s Article
357,education,Good day!
358,education,Are you for or against school district board members not needing a background in education? Why or why not?
359,education,"Hey everyone i have made a video on SDS PAGE technique. Hope this video is helpful.If you have any topic then please comment so i can make new video on that topic. If you all like this please like, comments and share your feedback. Stay tuned!!"
360,education,Are there any instances of a HS student advisory board working with district admin. making any worthwhile change?
361,education,Bootcamps for coding and UX Design
362,education,help
363,education,Any administrators willing to chat/email?
364,education,Book about high school students’ involvement in social activism
365,education,Does anyone know why I cannot post links?
366,education,what are good colleges/school for design technology?
367,education,How to Survive Teaching Through COVID: Day 10!
368,education,I was doing research on why traditional education is better than online is there any data?
369,education,Second Grade Week 8 (Kicking Foot Skills)
370,education,Critical Infrastructure designation
371,education,Which phonics curriculum materials did you choose and why?
372,education,"I think American children should start voting kindergarten, and be able to author a bill by graduation."
373,education,What do you think of this and didn't several states make this commitment to their students?
374,education,"Explain to me why people say California public schools are so bad, when University of California system is one of if not the most prestigious public state university system in the US and is renowned worldwide?"
375,education,Would anyone be interested in a subreddit that is exclusively for discussing creative education strategies/reform?
376,education,Valid significant websites for online courses
377,education,Needed advice
378,education,University Level Atmosphere - High School AP Psychology Class
379,education,"Desperate for advice, don’t know where to look."
380,education,Should i take in person my 11th grade SAT?
381,education,My mentor teacher has never had a student teacher before
382,education,If anyone is taking Intro to Humanities or Human A&P Lab here are some super helpful quizlets!
383,education,Advice for a failing student
384,education,"So two of my other friends and I just got an email for nomination to the NSLS, anyone know if we should accept this? What are the benefits? What even is it?"
385,education,Should I Report this to my school? What should I do?
386,education,Virtual Learning is a joke for Elementary aged kids
387,education,"Looking for reading recommendations for the topic ""Online Teacher Identity"""
388,education,"My school has to isolate, what at home activities can I do with them?"
389,education,All of MY Students Matter
390,education,"Super confused about deciding a suitable location for a master's in Data Science/Machine Learning. I'm considering Australia, Sweden, Netherlands, Denmark and Germany. Please help."
391,education,Same student constantly asking questions that have already been answered
392,education,"If anyone has smart TVs for displaying news, announcements, etc., do you have any tips for locking them down for security purposes?"
393,education,How to Survive Teaching Through COVID- Day 8 Takeaways!
394,education,How do you think a major change would come from the US board of education?
395,education,Advice for an Art major
396,education,How do you properly introduce specialization in education over time?
397,education,Has any teacher used Niche - A Genetics Survival Game?
398,education,"Hey parents and teachers, let’s give kids a safe, fun way to greet each other in school! It’s called the Safety Shake."
399,education,Student Interest Inventories/Career Suggestions
400,education,A Unique Tool for Teaching Math
401,education,Free SAT Prep Class for Students!
402,education,My Brother Is Not In School
403,education,How do I keep being productive after 10 hours of school?
404,education,Science Fair Help
405,education,شرح درس أحوال الجزيرة العربية قبل الإسلام الوحدة الثالثة للصف الثاني ا...
406,education,Teaching Through COVID - Day 7!
407,education,Online exam with Proctorio
408,education,Teaching remote and in-person students simultaneously. What are you doing?
409,education,How to Record Your Computer Screen with Powerpoint
410,education,How to become an Online Teacher
