hola,hola en que te podemos ayudar
hola,hola en que te podemos ayudar
como estas?, para hacer un pedido solo debes agregar el producto al carrito de compras y darle click al boton pagar.
12345678, para hacer un pedido solo debes agregar el producto al carrito de compras y darle click al boton pagar.
hola,hola en que te podemos ayudar
como estas, para hacer un pedido solo debes agregar el producto al carrito de compras y darle click al boton pagar.
hola,hola en que te podemos ayudar
hola,hola en que te podemos ayudar
como estas?, para hacer un pedido solo debes agregar el producto al carrito de compras y darle click al boton pagar.
hola,hola en que te podemos ayudar
hola,hola en que te podemos ayudar
hola,hola en que te podemos ayudar
hola,hola en que te podemos ayudar
como estas, para hacer un pedido solo debes agregar el producto al carrito de compras y darle click al boton pagar.
hola buenas noches,hola en que te podemos ayudar
Hola,hola en que te podemos ayudar
quiero preguntar sobre un pedido, NO. solo vendemos las cantidades en inventario que tenemos en nuestra plataforma
gracias, para hacer un pedido solo debes agregar el producto al carrito de compras y darle click al boton pagar.
